-- MySQL dump 10.13  Distrib 8.0.43, for Win64 (x86_64)
--
-- Host: localhost    Database: pet_shop
-- ------------------------------------------------------
-- Server version	8.0.43

/*!40101 SET @OLD_CHARACTER_SET_CLIENT=@@CHARACTER_SET_CLIENT */;
/*!40101 SET @OLD_CHARACTER_SET_RESULTS=@@CHARACTER_SET_RESULTS */;
/*!40101 SET @OLD_COLLATION_CONNECTION=@@COLLATION_CONNECTION */;
/*!50503 SET NAMES utf8 */;
/*!40103 SET @OLD_TIME_ZONE=@@TIME_ZONE */;
/*!40103 SET TIME_ZONE='+00:00' */;
/*!40014 SET @OLD_UNIQUE_CHECKS=@@UNIQUE_CHECKS, UNIQUE_CHECKS=0 */;
/*!40014 SET @OLD_FOREIGN_KEY_CHECKS=@@FOREIGN_KEY_CHECKS, FOREIGN_KEY_CHECKS=0 */;
/*!40101 SET @OLD_SQL_MODE=@@SQL_MODE, SQL_MODE='NO_AUTO_VALUE_ON_ZERO' */;
/*!40111 SET @OLD_SQL_NOTES=@@SQL_NOTES, SQL_NOTES=0 */;

--
-- Table structure for table `atendente`
--

DROP TABLE IF EXISTS `atendente`;
/*!40101 SET @saved_cs_client     = @@character_set_client */;
/*!50503 SET character_set_client = utf8mb4 */;
CREATE TABLE `atendente` (
  `id_funcionario` int NOT NULL,
  `setor` varchar(15) DEFAULT NULL,
  PRIMARY KEY (`id_funcionario`),
  CONSTRAINT `atendente_ibfk_1` FOREIGN KEY (`id_funcionario`) REFERENCES `funcionario` (`id`)
) ENGINE=InnoDB DEFAULT CHARSET=utf8mb4 COLLATE=utf8mb4_0900_ai_ci;
/*!40101 SET character_set_client = @saved_cs_client */;

--
-- Dumping data for table `atendente`
--

LOCK TABLES `atendente` WRITE;
/*!40000 ALTER TABLE `atendente` DISABLE KEYS */;
INSERT INTO `atendente` VALUES (2,'balcao'),(3,'Banho');
/*!40000 ALTER TABLE `atendente` ENABLE KEYS */;
UNLOCK TABLES;

--
-- Table structure for table `atendimento`
--

DROP TABLE IF EXISTS `atendimento`;
/*!40101 SET @saved_cs_client     = @@character_set_client */;
/*!50503 SET character_set_client = utf8mb4 */;
CREATE TABLE `atendimento` (
  `id_funcionario` int NOT NULL,
  `cpf_cliente` varchar(15) NOT NULL,
  `data_atendimento` datetime NOT NULL,
  PRIMARY KEY (`id_funcionario`,`cpf_cliente`,`data_atendimento`),
  KEY `cpf_cliente` (`cpf_cliente`),
  CONSTRAINT `atendimento_ibfk_1` FOREIGN KEY (`cpf_cliente`) REFERENCES `cliente` (`cpf`),
  CONSTRAINT `atendimento_ibfk_2` FOREIGN KEY (`id_funcionario`) REFERENCES `funcionario` (`id`)
) ENGINE=InnoDB DEFAULT CHARSET=utf8mb4 COLLATE=utf8mb4_0900_ai_ci;
/*!40101 SET character_set_client = @saved_cs_client */;

--
-- Dumping data for table `atendimento`
--

LOCK TABLES `atendimento` WRITE;
/*!40000 ALTER TABLE `atendimento` DISABLE KEYS */;
INSERT INTO `atendimento` VALUES (1,'11122233344','2025-10-01 10:00:00'),(3,'11122233344','2025-10-02 09:00:00'),(3,'55566677788','2025-10-01 14:30:00');
/*!40000 ALTER TABLE `atendimento` ENABLE KEYS */;
UNLOCK TABLES;

--
-- Table structure for table `cliente`
--

DROP TABLE IF EXISTS `cliente`;
/*!40101 SET @saved_cs_client     = @@character_set_client */;
/*!50503 SET character_set_client = utf8mb4 */;
CREATE TABLE `cliente` (
  `cpf` varchar(14) NOT NULL,
  `nome` varchar(50) NOT NULL,
  `sobrenome` varchar(50) DEFAULT NULL,
  `telefone` varchar(15) DEFAULT NULL,
  PRIMARY KEY (`cpf`)
) ENGINE=InnoDB DEFAULT CHARSET=utf8mb4 COLLATE=utf8mb4_0900_ai_ci;
/*!40101 SET character_set_client = @saved_cs_client */;

--
-- Dumping data for table `cliente`
--

LOCK TABLES `cliente` WRITE;
/*!40000 ALTER TABLE `cliente` DISABLE KEYS */;
INSERT INTO `cliente` VALUES ('04767030160','Thiago','Francisco','61996999510'),('11122233344','Ana','Silva','999998888'),('55566677788','Bruno','Santos','977776666'),('99900011122','Carla','Oliveira','966665555');
/*!40000 ALTER TABLE `cliente` ENABLE KEYS */;
UNLOCK TABLES;

--
-- Table structure for table `consulta`
--

DROP TABLE IF EXISTS `consulta`;
/*!40101 SET @saved_cs_client     = @@character_set_client */;
/*!50503 SET character_set_client = utf8mb4 */;
CREATE TABLE `consulta` (
  `id_servico` int NOT NULL,
  `valor_consulta` int DEFAULT NULL,
  PRIMARY KEY (`id_servico`),
  CONSTRAINT `consulta_ibfk_1` FOREIGN KEY (`id_servico`) REFERENCES `servico` (`id_servico`)
) ENGINE=InnoDB DEFAULT CHARSET=utf8mb4 COLLATE=utf8mb4_0900_ai_ci;
/*!40101 SET character_set_client = @saved_cs_client */;

--
-- Dumping data for table `consulta`
--

LOCK TABLES `consulta` WRITE;
/*!40000 ALTER TABLE `consulta` DISABLE KEYS */;
/*!40000 ALTER TABLE `consulta` ENABLE KEYS */;
UNLOCK TABLES;

--
-- Table structure for table `funcionario`
--

DROP TABLE IF EXISTS `funcionario`;
/*!40101 SET @saved_cs_client     = @@character_set_client */;
/*!50503 SET character_set_client = utf8mb4 */;
CREATE TABLE `funcionario` (
  `id` int NOT NULL,
  `salario` int DEFAULT NULL,
  `nome` varchar(10) DEFAULT NULL,
  PRIMARY KEY (`id`)
) ENGINE=InnoDB DEFAULT CHARSET=utf8mb4 COLLATE=utf8mb4_0900_ai_ci;
/*!40101 SET character_set_client = @saved_cs_client */;

--
-- Dumping data for table `funcionario`
--

LOCK TABLES `funcionario` WRITE;
/*!40000 ALTER TABLE `funcionario` DISABLE KEYS */;
INSERT INTO `funcionario` VALUES (1,300,'MAICON'),(2,250,'PEDRO'),(3,250,'JEOVANE');
/*!40000 ALTER TABLE `funcionario` ENABLE KEYS */;
UNLOCK TABLES;

--
-- Table structure for table `pet`
--

DROP TABLE IF EXISTS `pet`;
/*!40101 SET @saved_cs_client     = @@character_set_client */;
/*!50503 SET character_set_client = utf8mb4 */;
CREATE TABLE `pet` (
  `id_pet` int DEFAULT NULL,
  `raca` varchar(20) DEFAULT NULL,
  `nome` varchar(10) NOT NULL,
  `cpf_cliente` varchar(15) NOT NULL,
  PRIMARY KEY (`cpf_cliente`,`nome`),
  CONSTRAINT `pet_ibfk_1` FOREIGN KEY (`cpf_cliente`) REFERENCES `cliente` (`cpf`)
) ENGINE=InnoDB DEFAULT CHARSET=utf8mb4 COLLATE=utf8mb4_0900_ai_ci;
/*!40101 SET character_set_client = @saved_cs_client */;

--
-- Dumping data for table `pet`
--

LOCK TABLES `pet` WRITE;
/*!40000 ALTER TABLE `pet` DISABLE KEYS */;
INSERT INTO `pet` VALUES (2,'Siamês','Mimi','11122233344'),(1,'Labrador','Rex','11122233344'),(3,'Pastor Alemão','Thor','55566677788');
/*!40000 ALTER TABLE `pet` ENABLE KEYS */;
UNLOCK TABLES;

--
-- Table structure for table `produto`
--

DROP TABLE IF EXISTS `produto`;
/*!40101 SET @saved_cs_client     = @@character_set_client */;
/*!50503 SET character_set_client = utf8mb4 */;
CREATE TABLE `produto` (
  `id_produto` int NOT NULL,
  `nome` varchar(255) NOT NULL,
  `preço` int DEFAULT NULL,
  PRIMARY KEY (`id_produto`)
) ENGINE=InnoDB DEFAULT CHARSET=utf8mb4 COLLATE=utf8mb4_0900_ai_ci;
/*!40101 SET character_set_client = @saved_cs_client */;

--
-- Dumping data for table `produto`
--

LOCK TABLES `produto` WRITE;
/*!40000 ALTER TABLE `produto` DISABLE KEYS */;
INSERT INTO `produto` VALUES (101,'Ração Premium - Cão',NULL),(102,'Biscoito para Gato',NULL),(103,'Brinquedo Bola',NULL);
/*!40000 ALTER TABLE `produto` ENABLE KEYS */;
UNLOCK TABLES;

--
-- Table structure for table `servico`
--

DROP TABLE IF EXISTS `servico`;
/*!40101 SET @saved_cs_client     = @@character_set_client */;
/*!50503 SET character_set_client = utf8mb4 */;
CREATE TABLE `servico` (
  `id_servico` int NOT NULL,
  `id_funcionario` int NOT NULL,
  `Tipo_servico` varchar(255) NOT NULL,
  PRIMARY KEY (`id_servico`),
  KEY `id_funcionario` (`id_funcionario`),
  CONSTRAINT `servico_ibfk_1` FOREIGN KEY (`id_funcionario`) REFERENCES `funcionario` (`id`)
) ENGINE=InnoDB DEFAULT CHARSET=utf8mb4 COLLATE=utf8mb4_0900_ai_ci;
/*!40101 SET character_set_client = @saved_cs_client */;

--
-- Dumping data for table `servico`
--

LOCK TABLES `servico` WRITE;
/*!40000 ALTER TABLE `servico` DISABLE KEYS */;
INSERT INTO `servico` VALUES (201,1,'Consulta de Rotina'),(202,3,'Banho Completo'),(203,3,'Tosa Higiênica');
/*!40000 ALTER TABLE `servico` ENABLE KEYS */;
UNLOCK TABLES;

--
-- Table structure for table `venda`
--

DROP TABLE IF EXISTS `venda`;
/*!40101 SET @saved_cs_client     = @@character_set_client */;
/*!50503 SET character_set_client = utf8mb4 */;
CREATE TABLE `venda` (
  `id_venda` int NOT NULL,
  `cpf_cliente_atendimento` varchar(14) NOT NULL,
  `id_funcionario_atendimento` int NOT NULL,
  `data_atendimento` datetime DEFAULT NULL,
  `id_produto` int NOT NULL,
  `valor_venda` int DEFAULT NULL,
  PRIMARY KEY (`id_venda`),
  KEY `cpf_cliente_atendimento` (`cpf_cliente_atendimento`,`id_funcionario_atendimento`,`data_atendimento`),
  KEY `id_produto` (`id_produto`),
  CONSTRAINT `venda_ibfk_1` FOREIGN KEY (`cpf_cliente_atendimento`, `id_funcionario_atendimento`, `data_atendimento`) REFERENCES `atendimento` (`cpf_cliente`, `id_funcionario`, `data_atendimento`),
  CONSTRAINT `venda_ibfk_2` FOREIGN KEY (`id_produto`) REFERENCES `produto` (`id_produto`)
) ENGINE=InnoDB DEFAULT CHARSET=utf8mb4 COLLATE=utf8mb4_0900_ai_ci;
/*!40101 SET character_set_client = @saved_cs_client */;

--
-- Dumping data for table `venda`
--

LOCK TABLES `venda` WRITE;
/*!40000 ALTER TABLE `venda` DISABLE KEYS */;
INSERT INTO `venda` VALUES (301,'11122233344',1,'2025-10-01 10:00:00',101,120),(302,'55566677788',3,'2025-10-01 14:30:00',103,9);
/*!40000 ALTER TABLE `venda` ENABLE KEYS */;
UNLOCK TABLES;

--
-- Table structure for table `veterinario`
--

DROP TABLE IF EXISTS `veterinario`;
/*!40101 SET @saved_cs_client     = @@character_set_client */;
/*!50503 SET character_set_client = utf8mb4 */;
CREATE TABLE `veterinario` (
  `id_funcionario` int NOT NULL,
  `crmv` varchar(15) DEFAULT NULL,
  PRIMARY KEY (`id_funcionario`),
  CONSTRAINT `veterinario_ibfk_1` FOREIGN KEY (`id_funcionario`) REFERENCES `funcionario` (`id`)
) ENGINE=InnoDB DEFAULT CHARSET=utf8mb4 COLLATE=utf8mb4_0900_ai_ci;
/*!40101 SET character_set_client = @saved_cs_client */;

--
-- Dumping data for table `veterinario`
--

LOCK TABLES `veterinario` WRITE;
/*!40000 ALTER TABLE `veterinario` DISABLE KEYS */;
INSERT INTO `veterinario` VALUES (1,'CRMV-SP 12345');
/*!40000 ALTER TABLE `veterinario` ENABLE KEYS */;
UNLOCK TABLES;
/*!40103 SET TIME_ZONE=@OLD_TIME_ZONE */;

/*!40101 SET SQL_MODE=@OLD_SQL_MODE */;
/*!40014 SET FOREIGN_KEY_CHECKS=@OLD_FOREIGN_KEY_CHECKS */;
/*!40014 SET UNIQUE_CHECKS=@OLD_UNIQUE_CHECKS */;
/*!40101 SET CHARACTER_SET_CLIENT=@OLD_CHARACTER_SET_CLIENT */;
/*!40101 SET CHARACTER_SET_RESULTS=@OLD_CHARACTER_SET_RESULTS */;
/*!40101 SET COLLATION_CONNECTION=@OLD_COLLATION_CONNECTION */;
/*!40111 SET SQL_NOTES=@OLD_SQL_NOTES */;

-- Dump completed on 2025-11-13 20:54:05
